Chinese word,Chinese phonetic,English translation
做  ,Zuò,to do
說 ,Shuō,to say
想 ,Xiǎng,to want
知道  ,Zhīdào,to know
等待,Děngdài,to wait
停留  ,Tíngliú,to stay
拿 ,Ná,to take
喜欢  ,Xǐ huan,to like
知道 ,Zhī dao: ,to know
问  ,Wèn,to ask
去  ,Qù,to go
来  ,Lái,to come
製作  ,Zhìzuò,to make
吃  ,Chī,to eat
喝  ,Hē,to drink
女士  ,Nǚshì,woman
男人 ,Nánrén,man
朋友 ,Péngyǒu,friend
孩子 ,Háizi,child
女孩 ,Nǚhái,girl
男生 ,Nánshēng,boy
城市 ,Chéngshì,city
海灘 ,Hǎitān,beach
森林 ,Sēnlín,forest
教會 ,Jiàohuì,church
醫院 ,Yīyuàn,hospital
明天 ,Míngtiān,tomorrow
昨天 ,Zuótiān,yesterday
今天 ,Jīntiān,today
現在 ,Xiànzài,now
晚上 ,Wǎnshàng,evening
早晨 ,Zǎochén,morning